time,neem,wais,gisp2
0.0,5.54199260180099e-05,1.320310686043352e-05,1.1301420552413019e-05
0.5,6.792442196070166e-05,1.760414248057803e-05,1.5701973687865874e-05
1.0,8.282978112439024e-05,2.3305484079401592e-05,2.1502702820962824e-05
1.5,0.00010103632721694946,3.070722580419008e-05,2.910365823674503e-05
2.0,0.00012204388040067162,4.000941472858643e-05,3.8904890220253666e-05
2.5,0.0001460525126106398,5.191221561034089e-05,5.150647419905048e-05
3.0,0.00017606330287310004,6.681572259673932e-05,6.730846045817665e-05
3.5,0.00021007553183722167,8.552012398235349e-05,8.711094956771451e-05
4.0,0.0002500899188538353,0.00010902565513539802,0.00011201407981152726
4.5,0.000296106463922941,0.0001370322454454085,0.00014201785118961495
5.0,0.0003511262460707848,0.0001730407187011363,0.00017902250255592302
5.5,0.0004131485459465359,0.0002160508395343667,0.0002230280339104516
6.0,0.0004851744425764405,0.00026806307868152904,0.00027603469667840646
6.5,0.0005672039359604985,0.000330077671510838,0.0003400427422849935
7.0,0.0006622381051249559,0.00040609555949515223,0.00041505217073021264
7.5,0.0007702769500698127,0.000495116507266257,0.0005030632334392698
8.0,0.0008933211901458997,0.0006021416916652257,0.0006060761818373708
8.5,0.0010303704656778015,0.0007271711126920582,0.0007250911416371185
9.0,0.001190428013744256,0.0008742057118196134,0.0008641086156889246
9.5,0.0013704927553190172,0.0010502471366253935,0.0010201282268549805
10.0,0.0015705646904020857,0.0012502942102683259,0.0012001508551235064
10.5,0.0017906438189934607,0.0014803483449576976,0.00141017725477012
11.0,0.00205073733460145,0.0017404095406935095,0.001640206168668792
11.5,0.002330838043717745,0.0020404801511579077,0.001910240111071581
12.0,0.0026409495430965006,0.0023905625300330393,0.0022002765677264285
12.5,0.00299107542949187,0.0027806543236367563,0.002530318052885393
13.0,0.0033812157029038535,0.0032207578856512076,0.002900364566548474
13.5,0.0038113703633324498,0.003710873216076391,0.003310416108715672
14.0,0.004291543007531814,0.004271005022276601,0.0037604726793869867
14.5,0.004811730038747791,0.004881148596887544,0.004260535535688448
15.0,0.005391938650488689,0.005561308647273513,0.004810604677620055
15.5,0.006032168842754507,0.006311485173434508,0.005410680105181808
16.0,0.006722417018791093,0.00713167817537053,0.006060761818373708
16.5,0.007482690372106752,0.008021887653081577,0.006780852331447811
17.0,0.008312988902701485,0.008992115960249798,0.007550949130152061
17.5,0.009213312610575291,0.010002353682146607,0.008381053471612486
18.0,0.010203668689236481,0.011102612587182734,0.009291167870081146
18.5,0.01120402836465182,0.012302895029040325,0.010301294839810097
19.0,0.012404459975150231,0.013503177470897918,0.011301420552413018
19.5,0.01360489158564864,0.014803483449576977,0.012401558836276232
20.0,0.014905359163688583,0.016103789428256035,0.01360170969139974
20.5,0.01630586270927006,0.01750411894375656,0.014901873117783538
21.0,0.01780640222239307,0.018904448459257085,0.016202036544167336
21.5,0.019306941735516087,0.02030477797475761,0.017602212541811428
22.0,0.02090751721618063,0.02160508395343667,0.01910240111071581
22.5,0.022508092696845176,0.023005413468937193,0.020702602250880487
23.0,0.024208704145051257,0.024305719447616253,0.02230280339104516
23.5,0.025909315593257338,0.025606025426295313,0.02410302967373042
24.0,0.027509891073921884,0.026806307868152905,0.025803243385155387
24.5,0.02911046655458643,0.027906566773189034,0.02770348223910094
25.0,0.03061100606770944,0.02900682567822516,0.029503708521786198
25.5,0.03211154558083245,0.029907037509618352,0.03130393480447146
26.0,0.03341201315887239,0.030807249341011547,0.03310416108715672
26.5,0.0346124447693708,0.03160743763558328,0.034804374798581686
27.0,0.03571284041232768,0.03220757885651207,0.03640457593874637
27.5,0.03661316412020149,0.03280772007744087,0.037704739365130156
28.0,0.037313415892992224,0.0333078377615482,0.038804877648993374
28.5,0.03791363169824143,0.03360790837201259,0.039604978219075715
29.0,0.0384138115359491,0.033907978982476994,0.04020505364663746
29.5,0.038713919438573705,0.03400800251929846,0.040605103931678634
30.0,0.038813955406115236,0.03410802605611993,0.040705116502938926
30.5,0.038813955406115236,0.03410802605611993,0.040605103931678634
31.0,0.038713919438573705,0.03400800251929846,0.04030506621789776
31.5,0.038513847503490635,0.033907978982476994,0.039905015932856586
32.0,0.038213739600866034,0.03360790837201259,0.03930494050529484
32.5,0.03771355976315836,0.0333078377615482,0.03870486507773308
33.0,0.037213379925450686,0.033007767151083806,0.03790476450765075
33.5,0.03661316412020149,0.03260767300379793,0.03710466393756841
34.0,0.03601294831495228,0.0321075553196906,0.03630456336748607
34.5,0.03531269654216154,0.03160743763558328,0.03540445022614344
35.0,0.03451240880182927,0.031107319951475945,0.034404324513540516
35.5,0.03381215702903853,0.030607202267368613,0.03350421137219789
36.0,0.03291183332116472,0.03000706104643982,0.032504085659594964
36.5,0.03211154558083245,0.02940691982551102,0.03160397251825234
37.0,0.031211221872958644,0.02870675506776076,0.030603846805649412
37.5,0.030410934132626372,0.028106613846831965,0.029603721093046494
38.0,0.029510610424752563,0.027506472625903167,0.02870360795170386
38.5,0.02861028671687876,0.026806307868152905,0.02780349481036123
39.0,0.02770996300900495,0.026106143110402644,0.026803369097758312
39.5,0.026809639301131144,0.025506001889473846,0.02590325595641568
40.0,0.025909315593257338,0.024805837131723584,0.025103155386333342
40.5,0.025109027852925063,0.024105672373973323,0.024203042244990713
41.0,0.024208704145051257,0.023505531153044525,0.023302929103648083
41.5,0.023408416404718985,0.022805366395294263,0.022502828533565746
42.0,0.022508092696845176,0.02220522517436547,0.02170272796348341
42.5,0.021707804956512904,0.021505060416615204,0.02090262739340107
43.0,0.02090751721618063,0.020904919195686406,0.020202539394579024
43.5,0.020107229475848358,0.020204754437936144,0.01950245139575698
44.0,0.019406977703057618,0.01960461321700735,0.018702350825674643
44.5,0.018606689962725343,0.01900447199607855,0.018002262826852595
45.0,0.017906438189934606,0.018404330775149757,0.017402187399290843
45.5,0.01720618641714387,0.01780418955422096,0.0167020994004688
46.0,0.01650593464435313,0.017304071870113628,0.016102023972907043
46.5,0.015805682871562393,0.016703930649184833,0.015501948545345291
47.0,0.015205467066313186,0.016203812965077502,0.014901873117783538
47.5,0.01460525126106398,0.015603671744148706,0.014301797690221786
48.0,0.014005035455814777,0.015103554060041376,0.013801734833920323
48.5,0.013404819650565572,0.014603436375934045,0.013301671977618862
49.0,0.012804603845316368,0.014103318691826714,0.01270159655005711
49.5,0.012204388040067163,0.013603201007719385,0.012301546265015941
50.0,0.011704208202359493,0.013103083323612055,0.01180148340871448
50.5,0.01120402836465182,0.01270298917632619,0.011301420552413018
51.0,0.01070384852694415,0.01220287149221886,0.01090137026737185
51.5,0.010203668689236481,0.011802777344932996,0.010401307411070388
52.0,0.009783517625562036,0.011402683197647132,0.010001257126029221
52.5,0.009343359368379286,0.011002589050361266,0.00962120935524011
53.0,0.008923208304704845,0.010602494903075403,0.009231160327324971
53.5,0.008513060837784553,0.010202400755789539,0.008861113813661888
54.0,0.008122920564372572,0.009822311315867967,0.008501068557124838
54.5,0.007742783887714741,0.009462226583310689,0.008161025814839844
55.0,0.007382654404565218,0.009102141850753412,0.007820983072554851
55.5,0.007032528518169849,0.008762061825560427,0.007500942844521915
56.0,0.006702409825282786,0.008431984154049589,0.0071909038736150096
56.5,0.006382294729149877,0.008111908836220897,0.006890866159834133
57.0,0.006082186826525275,0.007801835872074353,0.006610830960305315
57.5,0.005792082520654825,0.007501765261609955,0.006330795760776496
58.0,0.00551198181153853,0.007211697004827704,0.0060707630754997365
58.5,0.005241884699176387,0.006931631101727598,0.005810730390222977
59.0,0.004981791183568399,0.00666156755230964,0.005560698962072247
59.5,0.004741704861468718,0.006391504002891681,0.005330670048173574
60.0,0.004511622136123189,0.006141445160838016,0.005100641134274902
60.5,0.00428153941077766,0.0058913863187843515,0.004880613477502259
61.0,0.004071463878940439,0.0056613321840949795,0.004670587077855646
61.5,0.0038713919438573704,0.0054312780494056075,0.004470561935335062
62.0,0.003671320008774302,0.005211226268398382,0.004280538049940506
62.5,0.0034912552671995407,0.004991174487391156,0.004090514164545951
63.0,0.0033111905256247793,0.004791127413748224,0.0039104915362774256
63.5,0.0031411293808041715,0.004591080340105293,0.0037404701651349284
64.0,0.0029810718327377165,0.004401035620144507,0.0035704487939924316
64.5,0.0028310178814254156,0.004220993253865868,0.003410428679975964
65.0,0.0026809639301131143,0.004040950887587229,0.0032604098230855257
65.5,0.0025409135755549666,0.003870910874990737,0.0031103909661950872
66.0,0.002410866817750972,0.003710873216076391,0.0029703733664306784
66.5,0.0022808200599469777,0.0035508355571620452,0.002840357023792299
67.0,0.002160776898897137,0.003400800251929846,0.0027103406811539187
67.5,0.00205073733460145,0.003250764946697647,0.002590325595641568
68.0,0.001940697770305762,0.0031107319951475944,0.0024703105101292174
68.5,0.0018406618027642279,0.002980701397279689,0.002350295424616867
69.0,0.0017406258352226937,0.002850670799411783,0.002240281596230545
69.5,0.001650593464435313,0.0027306425552260233,0.002140269024970253
70.0,0.0015605610936479323,0.002610614311040264,0.002040256453709961
70.5,0.0014805323196147048,0.002490586066854505,0.0019402438824496688
71.0,0.0014005035455814776,0.0023805601763508925,0.0018502325683154059
71.5,0.0013204747715482503,0.002280536639529426,0.001760221254181143
72.0,0.0012504495942691765,0.0021805131027079604,0.001680211197172909
72.5,0.0011804244169901026,0.002080489565886494,0.0016002011401646753
73.0,0.001120402836465182,0.0019904683827471747,0.0015201910831564415
73.5,0.0010603812559402616,0.0019004471996078552,0.001450182283274237
74.0,0.0010003596754153412,0.0018204283701506823,0.0013801734833920323
74.5,0.0009453398932674974,0.0017404095406935095,0.001310164683509828
75.0,0.0008943215498213151,0.0016603907112363366,0.0012501571407536527
75.5,0.0008443035660505479,0.001580371881779164,0.0011901495979974772
76.0,0.0007982870209814422,0.0015103554060041375,0.0011301420552413018
76.5,0.0007532708355877519,0.0014403389302291114,0.0010801357696111557
77.0,0.0007122560888957229,0.0013803248081362316,0.0010201282268549805
77.5,0.0006722417018791093,0.001320310686043352,0.0009731223183626432
78.0,0.0006352283938887417,0.0012602965639504724,0.0009251162841577029
78.5,0.0005992154455737894,0.0012002824418575926,0.0008791105013779684
79.0,0.0005652032166096677,0.001140268319764713,0.00083510497002344
79.5,0.0005341920666717922,0.0010902565513539802,0.0007940998158067201
80.0,0.000504181276409332,0.001040244782943247,0.0007540947873026032
80.5,0.00047517084582228707,0.0009942339560053727,0.0007160900102236921
81.0,0.00044816113458607284,0.0009482231290674982,0.0006810856102825899
81.5,0.0004231521427006893,0.0009042127728660532,0.0006470813360540906
82.0,0.0003991435104907211,0.0008632031227692522,0.000614077187538194
82.5,0.00037613523795616827,0.0008231937080406657,0.0005830732904475035
83.0,0.0003551276847724461,0.0007851847640485086,0.0005540696447820188
83.5,0.0003351204912641393,0.0007491762907927809,0.000526066124829137
84.0,0.00031511329775583247,0.0007141680529052677,0.0004990627305888581
84.5,0.00029710682359835634,0.0006811602857541839,0.00047405958777378503
85.0,0.0002801007091162955,0.0006491527539713147,0.0004500565706713149
85.5,0.0002640949543096501,0.0006191456929248749,0.0004270536792814477
86.0,0.00024908955917841996,0.0005901388672466499,0.0004050509136041834
86.5,0.00023508452372260517,0.0005621322769366393,0.00038504839935212497
87.0,0.00022107948826679042,0.0005361261573630581,0.0003650458851000665
87.5,0.00020807481248639095,0.0005111202731576916,0.0003470436222732139
88.0,0.00019607049638140686,0.00048711462432053974,0.0003290413594463613
88.5,0.0001850665399518381,0.00046410921085160255,0.00031203922233211166
89.0,0.00017406258352226938,0.00044210403275088,0.0002960372109304649
89.5,0.00016405898676811597,0.0004220993253865868,0.0002810353252414211
90.0,0.00015405539001396253,0.0004020946180222936,0.0002660334395523773
90.5,0.00014505215293522447,0.000383090146026215,0.00025303180528853927
91.0,0.00013704927553190175,0.00036508590939835113,0.00024003017102470128
91.5,0.000129046398128579,0.0003470816727704872,0.0002270285367608633
92.0,0.00012104352072525629,0.0003310779068790527,0.00021602715392223115
92.5,0.0001140410029973489,0.0003150741409876181,0.0002040256453709961
93.0,0.0001070384852694415,0.00030007061046439815,0.00019402438824496688
93.5,0.00010103632721694946,0.00028606731530939295,0.00018402313111893766
94.0,9.503416916445742e-05,0.00027306425552260237,0.00017402187399290843
94.5,8.94321549821315e-05,0.00026006119573581174,0.00016502074257948213
95.0,8.413024870243019e-05,0.00024705813594902117,0.00015601961116605583
95.5,7.912845032535348e-05,0.0002360555468986599,0.00014801860546523245
96.0,7.442675985090139e-05,0.00022405272248008398,0.00014001759976440907
96.5,7.002517727907388e-05,0.00021405036879793736,0.00013301671977618864
97.0,6.582366664232946e-05,0.00020304777974757611,0.0001260158397879682
97.5,6.192226390820962e-05,0.00019404566143364416,0.00011901495979974773
98.0,5.822093310917286e-05,0.00018404330775149754,0.00011301420552413018
98.5,5.471967424521916e-05,0.00017604142480578028,0.00010701345124851265
99.0,5.141848731634854e-05,0.00016703930649184832,0.00010101269697289513
99.5,4.8317372322560984e-05,0.00015903742354613103,9.571203069609963e-05
100.0,4.541632926385649e-05,0.00015203577596862843,9.061138956182474e-05
100.5,4.271535814023507e-05,0.00014403389302291113,8.571077357007042e-05
101.0,4.011442298415518e-05,0.0001370322454454085,8.111019529209699e-05
101.5,3.771355976315836e-05,0.00013103083323612056,7.670964215664412e-05
102.0,3.541273250970308e-05,0.00012402918565861793,7.260912673497215e-05
102.5,3.321194122378933e-05,0.00011802777344932995,6.860862388456045e-05
103.0,3.121122187295864e-05,0.00011202636124004199,6.490815874792965e-05
103.5,2.9310538489669497e-05,0.00010702518439896868,6.140771875381942e-05
104.0,2.7509891073921884e-05,0.00010202400755789539,5.8007291330969476e-05
104.5,2.5809279625715804e-05,9.672276010635768e-05,5.4806889050640124e-05
105.0,2.4308740112592792e-05,9.192163033892731e-05,5.180651191283136e-05
105.5,2.2808200599469777e-05,8.742057118196133e-05,4.9006159917543175e-05
106.0,2.14076970538883e-05,8.301953556181683e-05,4.630582049351529e-05
106.5,2.010722947584836e-05,7.891857055213672e-05,4.370549364074769e-05
107.0,1.8806761897808413e-05,7.501765261609954e-05,4.130519193050068e-05
107.5,1.770636625485154e-05,7.121675821688383e-05,3.900490279151396e-05
108.0,1.6605970611894664e-05,6.761591089131106e-05,3.680462622378753e-05
108.5,1.550557496893779e-05,6.421511063938121e-05,3.4804374798581684e-05
109.0,1.4605251261063982e-05,6.0914333924272836e-05,3.290413594463613e-05
109.5,1.3704927553190174e-05,5.781360428280739e-05,3.1003897090690586e-05
110.0,1.2804603845316366e-05,5.4912921714984866e-05,2.9303683379265615e-05
110.5,1.2004316104984094e-05,5.2112262683983816e-05,2.7603469667840647e-05
111.0,1.120402836465182e-05,4.9411627189804234e-05,2.6103281098936266e-05
111.5,1.0503776591861082e-05,4.681101523244612e-05,2.4603092530031883e-05
112.0,9.873549996349418e-06,4.441045034873093e-05,2.320291653238779e-05
112.5,9.243323400837752e-06,4.2109909001837214e-05,2.1902753106003993e-05
113.0,8.653111192342702e-06,3.990939119176496e-05,2.0702602250880486e-05
113.5,8.102913370864264e-06,3.790892045533564e-05,1.950245139575698e-05
114.0,7.582726339648286e-06,3.5908449718906316e-05,1.8402313111893764e-05
114.5,7.092550098694769e-06,3.400800251929846e-05,1.7402187399290842e-05
115.0,6.632384648003712e-06,3.230760239333354e-05,1.640206168668792e-05
115.5,6.202229987575115e-06,3.060720226736861e-05,1.5401935974085e-05
116.0,5.792082520654825e-06,2.900682567822516e-05,1.4601835404002663e-05
116.5,5.421949440751149e-06,2.7606496162724634e-05,1.3701722262660031e-05
117.0,5.061819957601626e-06,2.620616664722411e-05,1.3001634263837985e-05
117.5,4.72169766796041e-06,2.4805837131723585e-05,1.220153369375565e-05
118.0,4.411586168581655e-06,2.360555468986599e-05,1.1501445694933604e-05
118.5,4.121481862711206e-06,2.2405272248008398e-05,1.090137026737185e-05
119.0,3.84138115359491e-06,2.1305013342972272e-05,1.0201282268549805e-05
119.5,3.5812876379869216e-06,2.0204754437936143e-05,9.641211869492168e-06
120.0,3.3412013158872396e-06,1.9304542606542953e-05,9.091142727560561e-06
120.5,3.111118590541711e-06,1.830430723832829e-05,8.57107735700704e-06
121.0,2.9010430587044895e-06,1.750411894375656e-05,8.08101575783161e-06
121.5,2.700971123621421e-06,1.6603907112363367e-05,7.610956672908237e-06
122.0,2.5209063820466596e-06,1.580371881779164e-05,7.170901359362951e-06
122.5,2.3408416404718985e-06,1.5103554060041375e-05,6.760849817195752e-06
123.0,2.1807840924054436e-06,1.4403389302291112e-05,6.370800789280613e-06
123.5,2.0307301410931426e-06,1.3803248081362317e-05,6.000754275617532e-06
124.0,1.8806761897808415e-06,1.3103083323612055e-05,5.6607115333325384e-06
124.5,1.750629431976847e-06,1.2502942102683258e-05,5.330670048173574e-06
125.0,1.6305862709270063e-06,1.2002824418575927e-05,5.020631077266669e-06
125.5,1.510543109877165e-06,1.140268319764713e-05,4.730594620611821e-06
126.0,1.4005035455814776e-06,1.0902565513539802e-05,4.460560678209032e-06
126.5,1.3004675780399435e-06,1.040244782943247e-05,4.200527992932272e-06
127.0,1.210435207252563e-06,9.96234426741802e-06,3.960497821907571e-06
127.5,1.1204028364651823e-06,9.52224070540357e-06,3.730468908008899e-06
128.0,1.0303704656778015e-06,9.092139497071265e-06,3.5104412512362562e-06
128.5,9.583445690478967e-07,8.682042996103254e-06,3.3104161087156718e-06
129.0,8.873190320934077e-07,8.28194884881739e-06,3.120392223321117e-06
129.5,8.202949338405798e-07,7.90185940889582e-06,2.9403695950525908e-06
130.0,7.582726339648286e-07,7.541774676338541e-06,2.7703482239100942e-06
130.5,7.012521324661542e-07,7.19169229746341e-06,2.6103281098936266e-06
131.0,6.472327099937258e-07,6.851612272270425e-06,2.450307995877159e-06
131.5,5.972147262229587e-07,6.531536954441734e-06,2.31029039611275e-06
132.0,5.51198181153853e-07,6.221463990295189e-06,2.1802740534743697e-06
132.5,5.081827151109933e-07,5.921393379830791e-06,2.05025771083599e-06
133.0,4.681683280943797e-07,5.641327476730686e-06,1.9302426253236395e-06
133.5,4.3115502010401204e-07,5.361261573630581e-06,1.820228796937318e-06
134.0,3.961424314644751e-07,5.111202731576916e-06,1.720216225677026e-06
134.5,3.641309218511842e-07,4.861143889523251e-06,1.6202036544167337e-06
135.0,3.351204912641393e-07,4.621087401151732e-06,1.5201910831564415e-06
135.5,3.0711042035250974e-07,4.401035620144507e-06,1.4301797690221786e-06
136.0,2.8210142846712624e-07,4.190986192819427e-06,1.3501697120139447e-06
136.5,2.58092796257158e-07,3.990939119176496e-06,1.270159655005711e-06
137.0,2.3708524307343584e-07,3.810896752897857e-06,1.2001508551235064e-06
137.5,2.1707804956512903e-07,3.630854386619218e-06,1.1301420552413019e-06
138.0,1.9807121573223755e-07,3.4608143740227257e-06,1.0601332553590973e-06
138.5,1.8106510125017675e-07,3.310779068790527e-06,1.000125712602922e-06
139.0,1.6505934644353131e-07,3.1607437635583274e-06,9.441186726971584e-07
139.5,1.510543109877165e-07,3.020710812008275e-06,8.891117585039977e-07
140.0,1.3704927553190174e-07,2.890680214140369e-06,8.371052214486457e-07
140.5,1.2504495942691763e-07,2.77065196995461e-06,7.880990615311026e-07
141.0,1.1304064332193356e-07,2.6506237257688506e-06,7.430934044639711e-07
141.5,1.0303704656778014e-07,2.540597835265238e-06,6.990878731094425e-07
142.0,9.343359368379287e-08,2.4305719447616253e-06,6.590828446053256e-07
142.5,8.463042854013786e-08,2.3305484079401595e-06,6.200779418138116e-07
143.0,7.65275151692736e-08,2.24052722480084e-06,5.840734161601066e-07
143.5,6.912485357120008e-08,2.1405036879793734e-06,5.500691419316072e-07
144.0,6.232240777837575e-08,2.050482504840054e-06,5.180651191283136e-07
144.5,5.6020141823259105e-08,1.9604613217007346e-06,4.88061347750226e-07
145.0,5.0418127640933194e-08,1.880442492243562e-06,4.590577020847412e-07
145.5,4.511622136123189e-08,1.800423662786389e-06,4.320543078444623e-07
146.0,4.041453088677978e-08,1.7204048333292164e-06,4.0705116502938926e-07
146.5,3.6112984282493815e-08,1.6403860038720434e-06,3.830481479269191e-07
147.0,3.2111545580832456e-08,1.5603671744148707e-06,3.6104538224965486e-07
147.5,2.8510250749337225e-08,1.4803483449576977e-06,3.3904261657239057e-07
148.0,2.5209063820466597e-08,1.4103318691826715e-06,3.190401023203321e-07
148.5,2.230802076176211e-08,1.3403153934076453e-06,3.000377137808766e-07
149.0,1.9507013670599152e-08,1.270298917632619e-06,2.830355766666269e-07
149.5,1.7106150449602335e-08,1.2002824418575926e-06,2.660334395523773e-07
150.0,1.4905359163688583e-08,1.1302659660825664e-06,2.500314281507305e-07
150.5,1.29046398128579e-08,1.0702518439896867e-06,2.3502954246168668e-07
151.0,1.1103992397110286e-08,1.0102377218968074e-06,2.2102778248524576e-07
151.5,9.483409722937433e-09,9.522240705403569e-07,2.080261482214078e-07
152.0,8.022884596831036e-09,8.982113606567653e-07,1.9502451395756982e-07
152.5,6.71241342203694e-09,8.481995922460321e-07,1.8302300540633473e-07
153.0,5.541992601800991e-09,8.001882945717285e-07,1.7202162256770259e-07
153.5,4.491614942614882e-09,7.561779383702835e-07,1.6202036544167336e-07
154.0,3.5512768477244613e-09,7.151682882734824e-07,1.5201910831564416e-07
154.5,2.7309819138838814e-09,6.7815957964954e-07,1.4301797690221784e-07
155.0,1.990715754076529e-09,6.441515771302415e-07,1.3401684548879155e-07
155.5,1.3304783683024038e-09,6.13144280715587e-07,1.2601583978796816e-07
156.0,7.692765903943974e-10,5.841374550373618e-07,1.180148340871448e-07
156.5,2.6409495430965007e-10,5.581313354637807e-07,1.1101395409892435e-07
157.0,-1.7606330287310006e-10,5.341256866266287e-07,1.040130741107039e-07
157.5,-5.471967424521916e-10,5.131207438941209e-07,9.751225697878491e-08
158.0,-8.763150756638388e-10,4.921158011616131e-07,9.141149013190707e-08
158.5,-1.1604172234817958e-09,4.7311132916553447e-07,8.571077357007042e-08
159.0,-1.3904999488273241e-09,4.5510709253767056e-07,8.031009472201464e-08
159.5,-1.5905718839103927e-09,4.3810309127802133e-07,7.520945358773974e-08
160.0,-1.750629431976847e-09,4.200988546501575e-07,7.0508862738506e-08
160.5,-1.8806761897808418e-09,4.0309485339050825e-07,6.600829703179285e-08
161.0,-1.990715754076529e-09,3.8609085213085897e-07,6.180776903886058e-08
161.5,-2.0807481248639095e-09,3.6908685087120974e-07,5.790727875970919e-08
162.0,-2.1407697053888304e-09,3.510826142433459e-07,5.4206813623078376e-08
162.5,-2.1807840924054435e-09,3.33078377615482e-07,5.070637362896815e-08
163.0,-2.210794882667904e-09,3.150741409876181e-07,4.75059713486388e-08
163.5,-2.2207984794220575e-09,2.9606966899153956e-07,4.440558163956974e-08
164.0,-2.2207984794220575e-09,2.780654323636756e-07,4.150521707302127e-08
164.5,-2.210794882667904e-09,2.590609603675971e-07,3.880487764899337e-08
165.0,-2.1807840924054435e-09,2.400564883715185e-07,3.630456336748607e-08
165.5,-2.1507733021429832e-09,2.2105201637544001e-07,3.4004274228499346e-08
166.0,-2.1207625118805234e-09,2.030477797475761e-07,3.1703985089512624e-08
166.5,-2.0807481248639095e-09,1.8604377848792688e-07,2.9703733664306785e-08
167.0,-2.0307301410931422e-09,1.700400125964923e-07,2.770348223910094e-08
167.5,-1.980712157322376e-09,1.550364820732724e-07,2.590325595641568e-08
168.0,-1.920690576797455e-09,1.4103318691826715e-07,2.4203042244990716e-08
168.5,-1.870672593026688e-09,1.2803012713147656e-07,2.2602841104826038e-08
169.0,-1.8106510125017675e-09,1.170275380811153e-07,2.1002639964661363e-08
169.5,-1.750629431976847e-09,1.0802541976718335e-07,1.9602463967017273e-08
170.0,-1.6906078514519265e-09,9.99235132846446e-08,1.8302300540633473e-08
170.5,-1.6205826741728527e-09,9.362203046489224e-08,1.710214968550997e-08
171.0,-1.5605610936479322e-09,8.872087716064039e-08,1.5901998830386462e-08
171.5,-1.5005395131230117e-09,8.522005337188909e-08,1.4901873117783537e-08
172.0,-1.4405179325980914e-09,8.291951202499537e-08,1.3801734833920323e-08
172.5,-1.3804963520731708e-09,8.161920604631631e-08,1.2901621692577694e-08
173.0,-1.3204747715482503e-09,8.111908836220898e-08,1.2001508551235064e-08
173.5,-1.2604531910233298e-09,8.111908836220898e-08,1.1201407981152726e-08
174.0,-1.2004316104984095e-09,8.151918250949483e-08,1.040130741107039e-08
174.5,-1.140410029973489e-09,8.201930019360218e-08,9.701219412248342e-09
175.0,-1.0903920462027218e-09,8.241939434088803e-08,9.021133927678358e-09
175.5,-1.0403740624319547e-09,8.25194178777095e-08,8.391054728738516e-09
176.0,-9.85354280284111e-10,8.211932373042364e-08,7.810981815428821e-09
176.5,-9.363366561887594e-10,8.101906482538751e-08,7.260912673497214e-09
177.0,-8.893197514442383e-10,7.921864116260111e-08,6.750848560069724e-09
177.5,-8.433032063751326e-10,7.6618029205243e-08,6.270788218020321e-09
178.0,-7.992873806568577e-10,7.311720541649169e-08,5.820731647349006e-09
178.5,-7.572722742894132e-10,6.881619333316864e-08,5.410680105181809e-09
179.0,-7.172578872727997e-10,6.371499295527388e-08,5.020631077266668e-09
179.5,-6.792442196070167e-10,5.791362781962885e-08,4.660585820729617e-09
180.0,-6.42230911616649e-10,5.161214499987649e-08,4.320543078444623e-09
180.5,-6.072183229771121e-10,4.501059156965973e-08,4.0105041075377175e-09
181.0,-5.742064536884058e-10,3.810896752897857e-08,3.72046765088287e-09
181.5,-5.431953037505303e-10,3.120734348829741e-08,3.4504337084800807e-09
182.0,-5.121841538126547e-10,2.440574298443772e-08,3.2004022803293507e-09
182.5,-4.841740829010252e-10,1.800423662786389e-08,2.9603721093046495e-09
183.0,-4.5616401198939556e-10,1.220287149221886e-08,2.7503457096580355e-09
183.5,-4.3115502010401205e-10,7.001647577502624e-09,2.540319310011422e-09
184.0,-4.0614602821862854e-10,2.6506237257688508e-09,2.360296681742896e-09
184.5,-3.821373960086604e-10,-7.821840579438646e-10,2.18027405347437e-09
185.0,-3.6012948314952284e-10,-3.2207578856512074e-09,2.0202539394579027e-09
185.5,-3.3912192996580066e-10,-4.651094462198172e-09,1.8702350825674643e-09
186.0,-3.1911473645749384e-10,-5.081195670530476e-09,1.7302174828030551e-09
186.5,-3.001079026246024e-10,-4.541068571694559e-09,1.6002011401646754e-09
187.0,-2.821014284671262e-10,-3.130736702511888e-09,1.4801860546523248e-09
187.5,-2.650953139850654e-10,-9.75229484009294e-10,1.3701722262660032e-09
188.0,-2.500899188538353e-10,1.8104260164685358e-09,1.2601583978796818e-09
188.5,-2.3408416404718986e-10,5.051188609484036e-09,1.170147083745419e-09
189.0,-2.2007912859137504e-10,8.562014751917495e-09,1.0801357696111558e-09
189.5,-2.0707445281097563e-10,1.220287149221886e-08,9.961252097525104e-10
190.0,-1.9507013670599152e-10,1.5703695280970174e-08,9.191155298820854e-10
190.5,-1.8306582060100742e-10,1.9004471996078553e-08,8.491067299998808e-10
191.0,-1.7206186417143868e-10,2.18051310270796e-08,7.840985586806909e-10
191.5,-1.620582674172853e-10,2.4105672373973324e-08,7.230908902119126e-10
192.0,-1.5205467066313185e-10,2.5706048963116775e-08,6.680839760187519e-10
192.5,-1.4305143358439378e-10,2.6606260794509973e-08,6.160774389634e-10
193.0,-1.3504855618107106e-10,2.670628433133144e-08,5.690715304710627e-10
193.5,-1.2704567877774834e-10,2.6006119573581178e-08,5.250659991165341e-10
194.0,-1.2004316104984093e-10,2.4505766521259188e-08,4.840608448998143e-10
194.5,-1.1404100299734889e-10,2.2305248711186935e-08,4.4705619353350614e-10
195.0,-1.0803884494485685e-10,1.9504589680185883e-08,4.120517935924039e-10
195.5,-1.020366868923648e-10,1.6103789428256035e-08,3.8004777078911034e-10
196.0,-9.693485254774656e-11,1.2302895029040325e-08,3.510441251236256e-10
196.5,-9.203309013821139e-11,8.351965324592417e-09,3.2304060517074384e-10
197.0,-8.733139966375928e-11,4.2710050222766015e-09,2.980374623556708e-10
197.5,-8.302985305947331e-11,2.6806307868152903e-10,2.7503457096580354e-10
198.0,-7.892837839027042e-11,-3.500823788751312e-09,2.540319310011422e-10
198.5,-7.492693968860905e-11,-6.901624040681158e-09,2.350295424616867e-10
199.0,-7.12256088895723e-11,-9.792304254821528e-09,2.1702727963483407e-10
199.5,-6.762431405807707e-11,-1.2102847955397394e-08,2.0002514252058442e-10
200.0,-6.42230911616649e-11,-1.3703224544540851e-08,1.850232568315406e-10
